Enhanced_Cluster_Spending Trends (USD),PurchaseFrequency_mean,PurchaseFrequency_std,TotalAmountSpent_mean,TotalAmountSpent_std,AveragePurchaseValue_mean,AveragePurchaseValue_std
0,18.070977518776534,36.828126041215015,8073.476565434724,18939.10504509086,15.73907921874256,14.629703872818252
1,19.09477498369447,35.83149951044507,12532.177823755344,27164.135174055198,27.850491920639744,32.94601071696496
