Enhanced_Cluster_Order Size and Spending,PurchaseFrequency_mean,PurchaseFrequency_std,TotalAmountSpent_mean,TotalAmountSpent_std,AveragePurchaseValue_mean,AveragePurchaseValue_std
0,8.865251258318164,8.920090425580023,3918.414700369205,4361.230545839089,19.93933998612125,13.188389559140829
1,8.500622745866561,8.584982379834877,2743.19606480689,2978.5601442634456,10.64720405057505,8.393166314509934
2,137.2818487909397,43.59101497742092,33902.23650566269,12353.988425465323,7.610877132022598,6.277066787341198
3,167.90214154020705,56.19410695443138,132587.1803971068,14131.602441318693,40.27599205786413,32.59543215559325
4,9.738863572956385,10.001416880919576,5052.1215107644375,5783.75593062941,31.815484038664554,32.75951314636009
5,39.858195211786374,26.594826773142522,52608.377293554324,10678.786957834222,44.95233024447192,45.43337313063849
