Enhanced_Cluster_Time-Based Behavior,PurchaseFrequency_mean,PurchaseFrequency_std,TotalAmountSpent_mean,TotalAmountSpent_std,AveragePurchaseValue_mean,AveragePurchaseValue_std
0,17.793109375,33.02228367719427,8097.58562865625,18205.558923111374,18.99866650284641,20.745285688216843
1,17.969165384518373,38.35329797808837,8765.648644613717,19765.00838904114,15.057445086073198,16.629743751658136
2,20.217660359395452,40.630008026942804,7585.333942639534,17375.191960046992,17.315075423162817,19.13068119177728
3,18.24325171449706,37.867877333952435,8562.300070234825,19608.895801465216,15.868927550008696,19.327541457838496
4,18.972971512703793,38.79594449864292,10846.940295341266,25930.096548490845,22.137999028375432,22.643941266280752
5,17.463493883792047,31.756092240543463,8379.107234406856,19865.217648655216,18.2436262174482,18.72062674913473
