Enhanced_Cluster_Purchasing Behavior,PurchaseFrequency_mean,PurchaseFrequency_std,TotalAmountSpent_mean,TotalAmountSpent_std,AveragePurchaseValue_mean,AveragePurchaseValue_std
0,9.380364805351459,11.099645926078795,4077.2451312355756,6470.2469267339,16.170133825992878,13.939026655992802
1,119.31559644833355,64.26887759395365,63480.825437202424,40010.11941549395,37.71292047355553,47.04904169977987
