Enhanced_Cluster_Pricing Analysis,PurchaseFrequency_mean,PurchaseFrequency_std,TotalAmountSpent_mean,TotalAmountSpent_std,AveragePurchaseValue_mean,AveragePurchaseValue_std
0,18.047621643636177,36.77533996096569,8158.598716181417,19097.365048162203,16.061970816849946,14.970835917967403
1,27.905743740795288,30.304593861468984,34131.01955024357,44878.56980078815,82.03519301984225,56.04628320591066
2,17.93295664457242,36.68012620598827,8866.296697955635,20891.87991267593,18.0635210487742,15.695620705092635
