Cluster_Time-Based Behavior,PurchaseFrequency_mean,PurchaseFrequency_std,TotalAmountSpent_mean,TotalAmountSpent_std,AveragePurchaseValue_mean,AveragePurchaseValue_std
0,18.304505864999648,34.27825086208506,8222.354059036314,18422.4738658847,18.66280817434529,20.19997722211602
1,18.710106739859715,39.921705429875686,9377.114696992985,21367.446749543295,15.58510018541074,17.17643547126792
2,20.217660359395452,40.630008026942804,7585.333942639534,17375.191960046992,17.315075423162817,19.13068119177728
3,17.30987189866184,36.64858655241297,8519.064703874787,20165.491542438238,15.887988581683702,18.677618258387646
4,18.939137799329103,38.747267180003256,9564.34331201634,22487.87013470709,19.428752537796377,20.787878529635332
5,17.074104251540792,32.1730829331491,7557.907584853234,17203.264387453873,17.04684234914047,18.48386864884233
6,17.954941947903507,32.707060090900626,10307.723269967315,24732.80832712227,22.71451230228937,23.602944976589416
