Cluster_Purchasing Behavior,PurchaseFrequency_mean,PurchaseFrequency_std,TotalAmountSpent_mean,TotalAmountSpent_std,AveragePurchaseValue_mean,AveragePurchaseValue_std
0,152.89068208092485,46.08220006268628,61939.7365382659,37747.94439989125,14.07978358381503,9.659096189170032
1,9.450265360131608,11.288647275808973,4179.846984255775,7045.966317419748,14.968703966812102,9.71752653269534
2,30.153039982772235,20.456171905860582,44229.610422798076,47353.912131635705,97.626567367741,41.46913913412407
