Cluster_Spending Trends (USD),PurchaseFrequency_mean,PurchaseFrequency_std,TotalAmountSpent_mean,TotalAmountSpent_std,AveragePurchaseValue_mean,AveragePurchaseValue_std
0,18.039868986821066,36.83343627635272,8091.8732568386085,19040.88366044342,15.840981386027085,14.662568684731445
1,19.35173716971545,35.69982473103988,12864.229027216717,27444.2862465889,28.48685173167153,34.0873918677955
